title,link
ì§€íš¨(JIHYO) X ë¡œì œ(ROSÃ‰) X ìœ¡ì„±ì¬(Sung-Jae) X ìœ ì£¼(Yuju) Xê¹€ì¬í™˜(Jae-hwan) - Butterfly |2017 SBS ê°€ìš”ëŒ€ì „| SBS ENTER,https://www.youtube.com/watch?v=mZVqcRjVEVc
JIHYO PERFORMANCE PROJECT &quot;Crown (Camila Cabello &amp; Grey)&quot; Cover by JIHYO,https://www.youtube.com/watch?v=nAW4uqc-7T4
[MPDì§ìº ] íŠ¸ì™€ì´ìŠ¤ ì§€íš¨ ì§ìº  4K â€˜FANCYâ€™ (TWICE JIHYO FanCam) | @MCOUNTDOWN_2019.4.25,https://www.youtube.com/watch?v=WI1QjAAgpN0
[UNFILTERED CAM] TWICE JIHYO(ì§€íš¨) &#39;Alcohol-Free&#39; | BE ORIGINAL,https://www.youtube.com/watch?v=wQo2ZHAdQqQ
Jihyo owning this dance,https://www.youtube.com/watch?v=UZaGcBe-qkI
[MPDì§ìº ]Â íŠ¸ì™€ì´ìŠ¤ ì§€íš¨ ì§ìº Â 4K &#39;Alcohol-Free&#39; (TWICE JIHYO FanCam) | @MCOUNTDOWN_2021.6.10,https://www.youtube.com/watch?v=8o4zYcOlnzQ
[í˜ì´ìŠ¤ìº 4K] íŠ¸ì™€ì´ìŠ¤ ì§€íš¨ &#39;Talk that Talk&#39; (TWICE JIHYO FaceCam) @SBS Inkigayo 220904,https://www.youtube.com/watch?v=WG1KCZRp_9o
[ì•ˆë°©1ì—´ ì§ìº 4K/ê³ ìŒì§ˆ] íŠ¸ì™€ì´ìŠ¤ ì§€íš¨ &#39;í•„ìŠ¤í˜ì…œ&#39; (TWICE JIHYO &#39;Feel Special&#39; Fancam)ã…£@SBS Inkigayo_2019.9.29,https://www.youtube.com/watch?v=sTsFolCb3qk
[MPDì§ìº ] íŠ¸ì™€ì´ìŠ¤ ì§€íš¨ ì§ìº  4K &#39;Feel Special&#39; (TWICE JIHYO FanCam) | @MCOUNTDOWN_2019.9.26,https://www.youtube.com/watch?v=GU3AcMJJQUs
[MPDì§ìº ] íŠ¸ì™€ì´ìŠ¤ ì§ìº  8K &#39;Talk that Talk&#39; (TWICE FanCam) | @MCOUNTDOWN_2022.9.1,https://www.youtube.com/watch?v=jtDEL0iEd_Q
[MPDì§ìº ] íŠ¸ì™€ì´ìŠ¤ ì§€íš¨ ì§ìº  4K &#39;I CAN&#39;T STOP ME&#39; (TWICE  JIHYO FanCam) | @MCOUNTDOWN_2020.10.29,https://www.youtube.com/watch?v=JJ7rbPaCR2o
[MPDì§ìº ] íŠ¸ì™€ì´ìŠ¤ ì§€íš¨ ì§ìº  4K â€˜MORE &amp; MOREâ€™ (TWICE JIHYO FanCam) | @MCOUNTDOWN_2020.6.4,https://www.youtube.com/watch?v=xGBVxHeF2ro
jihyo&#39;s chest made her lose ğŸ˜­,https://www.youtube.com/watch?v=GlZ-EGdDeXE
[ì…ë•ì§ìº ] íŠ¸ì™€ì´ìŠ¤ ì§€íš¨ ì§ìº  4K &#39;Feel Special&#39; (TWICE JIHYO FanCam) | @MCOUNTDOWN_2019.10.03,https://www.youtube.com/watch?v=0qRSiy4XG2c
[UNFILTERED CAM] TWICE JIHYO(ì§€íš¨) &#39;I CAN&#39;T STOP ME&#39; 4K | BE ORIGINAL,https://www.youtube.com/watch?v=NXzjKGATsSs
220515 Nayeon &amp; Tzuyu Yes or Yes - LA Encore (fancam short),https://www.youtube.com/watch?v=sEJMaFMrjTo
TWICE &quot;The Feels&quot; JIHYO @The Tonight Show Starring Jimmy Fallon,https://www.youtube.com/watch?v=T6c6qtmYUvs
[MPDì§ìº ] íŠ¸ì™€ì´ìŠ¤ ì§€íš¨ ì§ìº  &#39;Dance The Night Away&#39; (TWICE JI HYO FanCam) | @MCOUNTDOWN_2018.7.19,https://www.youtube.com/watch?v=9KkxKzkTA-c
[MPDì§ìº ] íŠ¸ì™€ì´ìŠ¤ ì§€íš¨ ì§ìº  &#39;FANCY&#39; (TWICE JiHyo FanCam) | @MGMA_2019.8.1,https://www.youtube.com/watch?v=xeYnWYhAIwo
[ì…ë•ì§ìº ] íŠ¸ì™€ì´ìŠ¤ ì§€íš¨ ì§ìº  4K &#39;I CAN&#39;T STOP ME&#39; (TWICE  JIHYO FanCam) | @MCOUNTDOWN_2020.11.5,https://www.youtube.com/watch?v=C78pHhBdBag
Twice Jihyo Visual,https://www.youtube.com/watch?v=Q82cLT74jxU
[MPDì§ìº ] íŠ¸ì™€ì´ìŠ¤ ì§€íš¨ ì§ìº  &#39;LIKEY&#39; (TWICE JIHYO FanCam) | @MCOUNTDOWN_2017.11.2,https://www.youtube.com/watch?v=O_zW8G4Gdgo
190927 íŠ¸ì™€ì´ìŠ¤ ì§€íš¨ ì§ìº  &#39;íŒ¬ì‹œ(FANCY)&#39; TWICE(JIHYO) Fancam @MBNíˆì–´ë¡œ ì½˜ì„œíŠ¸ ì ì‹¤ì‹¤ë‚´ì²´ìœ¡ê´€ By ë²¤ë…ì´,https://www.youtube.com/watch?v=Pzc_BoZEWdQ
[ì•ˆë°©1ì—´ ì§ìº 4K] íŠ¸ì™€ì´ìŠ¤ ì§€íš¨ &#39;MORE &amp; MORE&#39; (TWICE JIHYO FanCam)â”‚@SBS Inkigayo_2020.6.7,https://www.youtube.com/watch?v=VKqZ04R3ibo
[MPDì§ìº ] íŠ¸ì™€ì´ìŠ¤ ì§€íš¨ ì§ìº  4K &#39;Talk that Talk&#39; (TWICE JIHYO FanCam) | @MCOUNTDOWN_2022.9.1,https://www.youtube.com/watch?v=Cnlt7hKc3zU
220226 Jihyo Yes or Yes - World Tour NYC (fancam short),https://www.youtube.com/watch?v=WdrqESwDrBU
â€˜Talk That Talkâ€™ - TWICE | Fancam as Jihyo,https://www.youtube.com/watch?v=onHhNqGx_Cg
[MPDì§ìº ] íŠ¸ì™€ì´ìŠ¤ ì§€íš¨ ì§ìº  â€˜FANCYâ€™ (TWICE JIHYO FanCam) | @MCOUNTDOWN_2019.5.2,https://www.youtube.com/watch?v=6FPQxWu6ARs
[MPDì§ìº ] íŠ¸ì™€ì´ìŠ¤ ì§€íš¨ ì§ìº  &#39;SIGNAL&#39; (TWICE JI HYO FanCam) | @MCOUNTDOWN_2017.5.18,https://www.youtube.com/watch?v=MeGDY33Yqc8
[K-Fancam] íŠ¸ì™€ì´ìŠ¤ ì§€íš¨ ì§ìº  &#39;Alcohol-Free&#39; (TWICE JIHYO Fancam) l @MusicBank 210611,https://www.youtube.com/watch?v=xzoFIT-M6vc
[MPDì§ìº ] íŠ¸ì™€ì´ìŠ¤ ì§€íš¨ ì§ìº  í† ìš”ì¼ ë°¤ì—+ìœ ê³ ê±¸ TWICE Fancam @ì— ì¹´ìš´íŠ¸ë‹¤ìš´_160317,https://www.youtube.com/watch?v=Ri8BGidthTc
[ì…ë•ì§ìº ] íŠ¸ì™€ì´ìŠ¤ ì§€íš¨ ì§ìº  4K &#39;Talk that Talk&#39; (TWICE JIHYO FanCam) | @MCOUNTDOWN_2022.9.1,https://www.youtube.com/watch?v=MgVHdxIZrF8
[MPDì§ìº ]Â íŠ¸ì™€ì´ìŠ¤ ì§€íš¨ ì§ìº Â 4K &#39;Alcohol-Free&#39; (TWICE JIHYO FanCam) | @MCOUNTDOWN_2021.6.17,https://www.youtube.com/watch?v=EqXX1bZPhT4
[ì…ë•ì§ìº ] íŠ¸ì™€ì´ìŠ¤ ì§€íš¨ ì§ìº  4K &#39;Alcohol-Free&#39; (TWICE JIHYO FanCam) | @MCOUNTDOWN_2021.6.10,https://www.youtube.com/watch?v=JiVUludb2Aw
TWICE JIHYO SEXY MOMENTS,https://www.youtube.com/watch?v=1hzJHk8SKhM
TWICE &quot;The Feels&quot; JIHYO @GMA3: What You Need to Know,https://www.youtube.com/watch?v=Hg1AdXcJKns
[ì…ë•ì§ìº ] íŠ¸ì™€ì´ìŠ¤ ì§€íš¨ ì§ìº  4K â€˜MORE &amp; MOREâ€™ (TWICE JIHYO FanCam) | @MCOUNTDOWN_2020.6.11,https://www.youtube.com/watch?v=BAenLrMhdas
[ì•ˆë°©1ì—´ ì§ìº 4K] íŠ¸ì™€ì´ìŠ¤ ì§€íš¨ &#39;Alcohol-Free&#39; (TWICE JIHYO FanCam)â”‚@SBS Inkigayo_2021.06.20.,https://www.youtube.com/watch?v=Tttby-cePt8
[í˜ì´ìŠ¤ìº 4K] íŠ¸ì™€ì´ìŠ¤ ì§€íš¨ &#39;Alcohol-Free&#39; (TWICE JIHYO FaceCam)â”‚@SBS Inkigayo_2021.06.20.,https://www.youtube.com/watch?v=SB-ejqcFbkg
[K-Fancam] íŠ¸ì™€ì´ìŠ¤ ì§€íš¨ ì§ìº  &#39;MORE &amp; MORE&#39; (TWICE JIHYO Fancam) l @MusicBank 200612,https://www.youtube.com/watch?v=uglSpc4DheE
[MPDì§ìº ] íŠ¸ì™€ì´ìŠ¤ ì§€íš¨ ì§ìº  Cheer Up TWICE JIHYO Fancam @ì— ì¹´ìš´íŠ¸ë‹¤ìš´_160428,https://www.youtube.com/watch?v=wyukEy7In-0
[MPDì§ìº ] íŠ¸ì™€ì´ìŠ¤ ì§€íš¨ ì§ìº  KNOCK KNOCK TWICE Ji Hyo Fancam @ì— ì¹´ìš´íŠ¸ë‹¤ìš´_170223,https://www.youtube.com/watch?v=tq93qeuBATs
[ì•ˆë°©1ì—´ ì§ìº 4K] íŠ¸ì™€ì´ìŠ¤ ì§€íš¨ &#39;Alcohol-Free&#39; (TWICE JIHYO FanCam)â”‚@SBS Inkigayo_2021.06.13.,https://www.youtube.com/watch?v=50yCM5--kOA
